Keyword,Location,Description,Link,Date Posted,Author Name,Author Headline,Author URL,Likes,Comments,Shares,Scraped At
autodm,Any,"Driving progress with smart software built for real business needs.

From AutoDMS and CRM platforms to Fleet Management, Mobile Apps, IoT, Cloud, and AI solutions — AppsIn.Ai delivers technology that keeps automotive businesses connected and in control.

If you are ready to build smarter systems for your dealership or fleet, let’s talk.

https://appsin.ai/

#AppsInAi #AutomotiveSoftware #AutoDMS #CRMSystems #FleetManagement #MobileAppDevelopment #IoT #CloudTechnology #AISolutions #AutomotiveIndustry #DigitalInnovation",https://www.linkedin.com/posts/mobile-app-development-company-appsinai-pvt-ltd_appsinai-automotivesoftware-autodms-activity-7433042335405592576-bo0y?utm_source=combined_share_message&utm_medium=member_desktop&rcm=ACoAAGQVMrQBWJC4u5MvFMxBtia-0kPXJGj40V0,2026-02-27T06:56:32.009Z,Mobile App Development Company | AppsInAi Pvt Ltd,60 followers,https://www.linkedin.com/showcase/mobile-app-development-company-appsinai-pvt-ltd/posts,0,0,0,2026-03-05T10:50:10.910Z
autodm,Any,"A JAMA Surgery study projects autonomous vehicles could prevent over 1 million injuries by 2035.

Motor vehicle crashes currently generate 2.6 million ED visits per year and $470 billion in economic costs. That's a massive revenue stream for trauma centers, orthopedic surgeons, rehabilitation facilities, and emergency departments.

This is demand elimination through technology — not through drugs or behavior change, but through removing the human error that causes 93% of crashes.

Health systems rarely model autonomous vehicles into their strategic plans. They should. Trauma is one of the highest-margin service lines. When crash injuries decline 3.6% — and that's the conservative estimate — the downstream impact on ED volumes, surgical cases, and rehab admissions is significant.

GLP-1s reduce metabolic disease demand. AI reduces knowledge and triage demand. And autonomous vehicles could reduce trauma demand. The interesting thing is that two of those three forces come from completely outside healthcare.

https://buff.ly/vQz8rcn

#DemandElimination #DrYou #HealthcareDisruption #FutureOfHealth",https://www.linkedin.com/posts/joelselanikio_self-driving-cars-could-prevent-over-1-million-activity-7434357713683320832-uXbM?utm_source=combined_share_message&utm_medium=member_desktop&rcm=ACoAAGQVMrQBWJC4u5MvFMxBtia-0kPXJGj40V0,2026-03-02T22:03:22.629Z,Joel Selanikio,"Physician • TED/Keynote Speaker | Healthcare is getting better, and getting smaller — I help leaders prepare",https://www.linkedin.com/in/joelselanikio?miniProfileUrn=urn%3Ali%3Afs_miniProfile%3AACoAAABIIagBXUrB92QE3d7nuymT_PODn0nqg3o,0,0,0,2026-03-05T10:50:10.714Z
autodm,Any,"🚗🤖 Are autonomous vehicles truly ready for adoption in Amman City, and are we prepared to let go of the steering wheel and trust AI amidst our city’s heavy congestion? 🤔🏙️🚦✨
In Amman 🇯🇴, where 55.04% of commuters spend 60+ minutes daily on the road ⏳, the transition toward Autonomous Vehicles (AVs) and Shared Autonomous Vehicles (SAVs) is not merely technological — it is a socio-technical transformation grounded in public trust, regulatory clarity, and infrastructure readiness 👥🏗️✨. Regional momentum is accelerating 🚀: in Dubai 🇦🇪, Expo 2020 autonomous shuttles completed 180,000+ trips with zero accidents 🛡️🚍; in NEOM 🇸🇦, plans target 100% autonomous transit, aiming to reduce emissions by 20% 🌱 and travel times by 30% ⏱️. Comparable structured trials are advancing in Singapore 🇸🇬 and Malaysia 🇲🇾, particularly within mixed-traffic environments 🚦.
I am pleased to share our latest publication in the International Journal of Transportation Science and Technology (IJTST) (Q1) Published by Elsevier 📘✨, a collaborative effort with my esteemed colleagues and friends, Dr. Haitham A. Al Hasanat, and Dr. Dania Alothman 🤝🎓✨.
📄 Adoption of autonomous and shared autonomous vehicles: a multi-criteria decision-making approach 
🔗 https://lnkd.in/eaABZd8f
⭐ This is the first study ever to develop and empirically implement a fully integrated hierarchical model synthesizing UTAUT and TAM Models within a Fuzzy AHP-based MCDM framework for Jordan. The study moves beyond descriptive correlations toward quantified, expert-weighted determinants of adoption 📊⚙️🔍.
Empirical findings reveal that User Perception (UP) — particularly Performance Expectancy (PE) — is the dominant adoption driver 📈. While 72.09% indicate willingness to adopt, 50.72% cite safety as the primary barrier ⚠️, and 93.8% remain unaware of future implementation plans 📢. Accordingly, we advocate a Gradual Integration Approach (GIA) 🔄 — strongly favored by non-drivers (weight = 0.512) — enabling synchronized infrastructure development, institutional preparedness, and societal trust in cities such as Amman 🏙️🛡️.

Because the future of mobility is not shaped by automation alone — it is shaped by human perception and evidence-based planning 👥📊🏛️✨.

#AutonomousVehicles #SmartCities #TransportationEngineering #MCDM #FAHP #Elsevier #Q1Journal #Amman #Innovation #Jordan 🚀📈",https://www.linkedin.com/posts/omar-alharasees-2565a59b_autonomousvehicles-smartcities-transportationengineering-activity-7434643483237195776-zykK?utm_source=combined_share_message&utm_medium=member_desktop&rcm=ACoAAGQVMrQBWJC4u5MvFMxBtia-0kPXJGj40V0,2026-03-03T16:58:55.400Z,Omar Alharasees,Ph.D. in Transportation Engineering,https://www.linkedin.com/in/omar-alharasees-2565a59b?miniProfileUrn=urn%3Ali%3Afs_miniProfile%3AACoAABVEOSIBOzseqtLn2Gsf131r90ndUMpCy7A,15,1,0,2026-03-05T10:50:11.099Z
autodm,Any,"Welcome to the first edition of 𝗗𝗠𝗦 𝗦𝘆𝗻𝘁𝗵𝗲𝘁𝗶𝗰 𝗗𝗮𝘁𝗮 𝗣𝗶𝗹𝗹𝘀!

We are thrilled to launch this space dedicated to exploring the world of synthetic data for in-cabin monitoring, perception AI, and automotive safety. 

If you are an automotive engineer, product leader, or AI developer, make sure to hit 𝙎𝙪𝙗𝙨𝙘𝙧𝙞𝙗𝙚 so you don't miss future deep dives!

For our inaugural article, we are tackling one of the biggest headaches facing OEMs and Tier-1 suppliers today: The global divergence of safety protocols.

A system tuned perfectly for one region can now trigger endless false positives, or fail outright, in another.

In this first edition, we break down:
🌍 The core technical differences between Euro NCAP, C-NCAP, and NHTSA/IIHS.
⚠️ Why Driver Monitoring (DMS) is diverging, while Occupant Monitoring (OMS) is converging.
🛠️ How top engineering teams are using synthetic data to build modular, ""protocol-agnostic"" architectures that comply everywhere.

We’d love to hear from you: 

How is your team handling the fragmentation of global safety standards? 

Are you building region-specific logic, or aiming for a unified architecture? 

Let us know in the comments below! 👇

#InCabinMonitoring #DriverMonitoring #EuroNCAP #AutomotiveSafety #SyntheticData #AutonomousVehicles #Tier1 #OEM",https://www.linkedin.com/posts/anyverse-ai_incabinmonitoring-drivermonitoring-euroncap-activity-7435255379116179456-Gqd6?utm_source=combined_share_message&utm_medium=member_desktop&rcm=ACoAAGQVMrQBWJC4u5MvFMxBtia-0kPXJGj40V0,2026-03-05T09:30:22.746Z,Anyverse,"1,724 followers",https://www.linkedin.com/company/anyverse-ai/posts,2,0,1,2026-03-05T10:50:11.444Z
autodm,Any,"An intersection in San Francisco recently turned into a quiet experiment in autonomy.

Several self-driving taxis aligned perfectly.

Too perfectly.

For a brief moment, they created a polite deadlock, each system calculating, none asserting. No aggression. No improvisation. Just algorithms waiting for clarity.

It resolved quickly.

But it exposed something deeper.

Urban mobility isn’t just rules and geometry.
It’s negotiation.
It’s subtle signals.
It’s imperfect humans making micro-judgments in ambiguous situations.

Autonomous systems excel in structured environments.

Cities are not structured. They are adaptive.

The real challenge isn’t object detection or route optimization.

It’s encoding judgment under uncertainty.

We’re not just teaching machines to drive.

We’re teaching them to participate in social systems.

And that’s a different level of complexity.

#AutonomousVehicles #AI #UrbanMobility #SystemsThinking #Innovation

Source 🙏 Granny&Smith",https://www.linkedin.com/posts/marcellvollmer_autonomousvehicles-ai-urbanmobility-activity-7434903973150486528-lTlm?utm_source=combined_share_message&utm_medium=member_desktop&rcm=ACoAAGQVMrQBWJC4u5MvFMxBtia-0kPXJGj40V0,2026-03-04T10:14:01.035Z,Dr. Marcell Vollmer,"CEO, #KeynoteSpeaker 🤖 #Futurist 💻 #C-Level Exec, #Tech & #Advisor",https://www.linkedin.com/in/marcellvollmer?miniProfileUrn=urn%3Ali%3Afs_miniProfile%3AACoAAABOY6QBvsJXE390VEetRGZmHzeGG7Xb7L4,328,33,24,2026-03-05T10:50:11.631Z
autodm,Any,"🚀I had several contacts call and text me after my last post and say, “We don’t understand this AI space. Can you just explain it in automotive lingo?

So that’s exactly what I did.

In this video, I break down one word that almost no one in automotive is talking about: Orchestration.

This is the difference between disconnected automation and true agentic intelligence across your dealership ecosystem.

If you’re investing in AI this year, this is the question you should be asking. Does it just respond… or does it decide?

Curious to hear what you’re seeing in your store. 🚀☄️

#IDPrivacy.ai #AutomotiveAI #AIForDealers #DealerOperations #OEMProgram #AutoRetail #FixedOps #BDC #DealerPrincipal #AgenticAI #CRM #DMS #Digital Retailing #AutomotiveLeadership #CRM #DMS
#DigitalMarketing #DigitalRetail #Infiniti #Nissan #Toyota #Honda #Lexus #Subaru #Ford #GM #Stellantis",https://www.linkedin.com/posts/mime-quinones-9838896a_automotiveai-aifordealers-dealeroperations-activity-7434320910066548736-nzaV?utm_source=combined_share_message&utm_medium=member_desktop&rcm=ACoAAGQVMrQBWJC4u5MvFMxBtia-0kPXJGj40V0,2026-03-02T19:37:07.963Z,Mime Quinones,"Innovator and Intrapreneur in Automotive Solutions | Expert in Partnership Development, Integration, and Driving Industry Growth",https://www.linkedin.com/in/mime-quinones-9838896a?miniProfileUrn=urn%3Ali%3Afs_miniProfile%3AACoAAA65SjMB3cMnW_1Q1jU8NCQj1e_737aH1-Q,12,6,1,2026-03-05T10:50:11.821Z
autodm,Any,"This week Shawn Tierney meets up with Hany Fouda of Schneider Electric to discuss What's Driving Open Automation in this episode of #TheAutomationPodcast.

Join our channel and gain access to hundreds of member only videos at  https://lnkd.in/guN5uZzE or https://lnkd.in/gatwZBrT

- To see all our articles and videos visit: https://lnkd.in/dmTJf_pV
- And to learn about sponsoring our episodes, visit: https://lnkd.in/eaa7Zyjd

Until next time, Peace!",https://www.linkedin.com/posts/insightsia_theautomationpodcast-activity-7435047683964174336-GjLP?utm_source=combined_share_message&utm_medium=member_desktop&rcm=ACoAAGQVMrQBWJC4u5MvFMxBtia-0kPXJGj40V0,2026-03-04T19:45:04.363Z,Insights In Automation,"6,450 followers",https://www.linkedin.com/company/insightsia/posts,1,0,0,2026-03-05T10:50:12.009Z
autodm,Any,"The latest edition of the Automotive Test and Measurement Focus Newsletter from TOYO covers the most critical trends shaping automotive validation and compliance worldwide.  In this issue:

 • Global certification and international drive cycle compliance
 • Four-wheel steering validation and wheel-level precision testing
 • The importance of lithium battery safety and lifecycle testing
 • Advanced OTA test solutions for connected vehicles

As electrification, software-defined platforms, and vehicle connectivity accelerate, robust testing strategies are more important than ever.  If you’re involved in EV development, ADAS validation, chassis systems, or automotive wireless performance, this edition is especially for you.

Do let us know if you have any comments, questions or suggestions for future newsletter topics.  

#testandmeasurement #5gtechnology #5gnetworks #wirelesstechnology #wirelessnetworks #v2x #autonomousvehicles #c2x #connectedvehicles #adas #wirelesscommunications #selfdrivingcars #testandmeasurement #autonomousdriving #autonomousvehicles #autonomousvehicle #selfdrivingcars #selfdriving #5gtechnology #5gnetworks #wirelesstechnology #wirelessnetworks",https://www.linkedin.com/posts/toyotechus_testandmeasurement-5gtechnology-5gnetworks-activity-7434984065163841537--X6I?utm_source=combined_share_message&utm_medium=member_desktop&rcm=ACoAAGQVMrQBWJC4u5MvFMxBtia-0kPXJGj40V0,2026-03-04T15:32:16.459Z,TOYOTech,"1,079 followers",https://www.linkedin.com/company/toyotechus/posts,7,0,4,2026-03-05T10:50:12.193Z
autodm,Any,"Infotainment is no longer just a feature - it’s becoming a key purchase driver. 🚗

In our latest article, Parkopedia’s VP-Global Marketing Director Adam Calland draws on the latest industry insights to explain why drivers now expect far more than mirrored smartphones.

As in-car technology evolves, the industry is moving toward SDVs that can make decisions based on the driver’s needs through Agentic AI. However, these next-generation experiences will only succeed if they’re built on complete, accurate and transaction-ready data. 💡

Read the article and explore insights from our Global Driver Survey to see where the future of the connected car is heading. 👇",https://www.linkedin.com/posts/parkopedia_infotainment-is-no-longer-just-a-feature-activity-7435274611732418560-BSev?utm_source=combined_share_message&utm_medium=member_desktop&rcm=ACoAAGQVMrQBWJC4u5MvFMxBtia-0kPXJGj40V0,2026-03-05T10:46:48.159Z,Parkopedia,"9,376 followers",https://www.linkedin.com/company/parkopedia/posts,1,0,0,2026-03-05T10:50:12.386Z
autodm,Any,"IMO, a key focus for identity and data protection for organizations in 2026 should be device and application management (MDM/MAM).

Quite simply, if you don't manage the devices and/or applications that access your organizational data, then you DO NOT control your data. If you don't manage from which devices organizational users can authenticate for access, then you DO NOT control your identities.

#identityprotection #dataprotection #devicemanagement",https://www.linkedin.com/posts/darrenbrinksneader_identityprotection-dataprotection-devicemanagement-activity-7433161043322990592-VEWv?utm_source=combined_share_message&utm_medium=member_desktop&rcm=ACoAAGQVMrQBWJC4u5MvFMxBtia-0kPXJGj40V0,2026-02-27T14:48:14.182Z,Darren Brinksneader,Providing data privacy and compliance strategies for organizations and individuals.,https://www.linkedin.com/in/darrenbrinksneader?miniProfileUrn=urn%3Ali%3Afs_miniProfile%3AACoAAAFT5s4BHLX05XBXR7W2z3dpD9tMztCX9QQ,2,0,0,2026-03-05T10:50:12.763Z
